,label,times
0,游戏,2311
1,书影音,1322
2,生活,434
3,二次元,422
4,故事与设定\个人原创\文学与小说,303
5,设计与艺术,196
6,科技,185
7,模玩,175
8,历史,150
9,克苏鲁,142
10,桌游,112
11,轻奇幻,107
12,战锤40K,100
13,小说,98
14,科幻,78
15,瞬间思路,63
16,跑团,61
17,美术与设计\个人原创\漫画,59
18,赛博朋克,58
19,神话,51
20,人文社科\历史,49
21,机核铺,48
22,Spark 锦标赛,47
23,轻科幻,45
24,游戏摄影,43
25,TRPG,42
26,日本,37
27,其他创意领域\个人手工作品,37
28,SCP基金会 ,35
29,题材与风格\恐怖\克苏鲁,34
30,音乐,34
31,其他,33
32,SCP,31
33,人文社科\军事,30
34,PlayStation 5,29
35,游戏开发,29
36,人文社科\哲学,27
37,机动战士高达,27
38,军事,27
39,游戏设计,25
40,Xbox series X|S,23
41,meme,22
42,题材与风格\神话,22
43,漫画,21
44,Glive,21
45,美术与设计\个人原创\插画,20
46,Radiohead,20
47,腾讯游戏学院,20
48,科技与硬件,19
49,玩家,19
50,互联网,18
51,题材与风格\科幻,18
52,故事与设定\分析与见解\世界观,17
53,哪来的傻缺图,17
54,星球大战,17
55,科幻春晚,17
56,Spark,16
57,乐器,16
58,黑暗之魂,15
59,古埃及,15
60,二战,15
61,hottoys,14
62,太鼓达人,14
63,海豹十日谈,14
64,漫威,14
65,战锤,14
66,军武,14
67,旅行,14
68,PlayStation 4,13
69,信条,13
70,轻小说,13
71,中世纪,13
72,Xbox,12
73,机械教,12
74,彩虹六号,12
75,美食,12
76,独立游戏,12
77,波兰,12
78,建筑,12
79,乙女游戏,12
80,人工智能,11
81,龙与地下城,11
82,罗伯特・布洛克,11
83,怪谈,11
84,cosplay,11
85,电影,11
86,黑色封面,11
87,产业\产业史,10
88,字体设计,10
89,美术与设计\分析与见解\字体,10
90,坦克,10
91,傻【哔】太多，摇滚太少,10
92,奇幻,10
93,埃及神话,10
94,终生嗜好,10
95,异形,10
96,PS4榜单,10
97,宗教,10
98,最终幻想7,9
99,DNA工坊,9
100,美术与设计\分析与见解\风格,9
101,变形金刚,9
102,军事装备,9
103,哲学,9
104,毁灭战士,9
105,女性向游戏,9
106,汽车,8
107,DC,8
108,剧本,8
109,情感妙妙屋,8
110,生化危机,8
111,块魂,8
112,最后生还者,8
113,赛车,8
114, 电影,8
115,美术与设计\个人原创\人物,8
116,恐怖游戏,8
117,收藏,8
118,有声书,8
119,现代神话,8
120,美漫,8
121,赛车游戏,8
122,新世纪福音战士,8
123,鱼雷,8
124,精灵宝可梦,7
125,宝可梦,7
126,傻缺,7
127,真・女神转生,7
128,数码宝贝,7
129,日剧,7
130,PlayStation,7
131,黑暗世界,7
132,集异璧之大成,7
133,万智牌,7
134,轻之文库,7
135,AMD,7
136,埃及,7
137,故事,7
138,核市,7
139,CRPG BOOK翻译,7
140,哈利波特,7
141,酒,7
142,魔法少女,7
143,原创 ,6
144,人文社科\心理学,6
145,假面骑士,6
146,超级马力欧,6
147,COC跑团,6
148,克苏鲁的呼唤,6
149,COC,6
150,Fine Art,6
151,美术与设计\分析与见解\场景,6
152,摄影,6
153,手游,6
154,宝可梦卡牌,6
155,日本文学,6
156,希腊神话,6
157,布莱恩・拉姆利,6
158,译文,6
159,塔希里亚故事集,6
160,推理,6
161,海军,6
162,动物之森,6
163,光环,6
164,塞尔达传说,6
165,H・R・吉格,6
166,高玩老爸,6
167,夕妖晚谣,5
168,心理学,5
169,游戏王,5
170,恐怖,5
171,傻缺图,5
172,DND,5
173,Nintendo Switch,5
174,手机,5
175,threezero,5
176,姜子牙,5
177,玩具,5
178,乐高,5
179,星际战士,5
180,说书,5
181,神秘学,5
182,FC,5
183,怀旧游戏,5
184,怀旧,5
185,其他创意领域\游戏摄影,5
186,偶像,5
187,CRPG BOOK,5
188,Unity,5
189,人文社科\社会学,5
190,命令与征服,5
191,背包,5
192,皇牌空战,5
193,威士忌,5
194,少女歌剧,5
195,死灵之书,5
196,哲学思考,4
197,攻壳机动队,4
198,美术与设计\个人原创\CG艺术,4
199,图鉴,4
200,烂梗,4
201,搞笑,4
202,怪物猎人,4
203,火焰之纹章,4
204,游戏剧本,4
205,字体,4
206,年度总结,4
207,核诚治造,4
208,动物森友会,4
209,美术与设计\分析与见解\道具,4
210,海豹,4
211,爵士乐,4
212,苏联,4
213,游戏机,4
214,精灵宝可梦卡牌,4
215,机甲,4
216,Hip Hop,4
217,NBA 2K,4
218,PC,4
219,江南百景图,4
220,莫比斯,4
221,galgame,4
222,第一卷专栏,4
223,美术与设计\个人原创\场景,4
224,辐射,4
225,人文社科\地域文化\欧美,4
226,场景设计,4
227,波兰历史,4
228,拉姆齐・坎贝尔,4
229,产业\产业分析,4
230,Tomica,4
231,多美卡,4
232,合金小车,4
233,特摄,4
234,X战警,4
235,莱博维茨的赞歌,4
236,推理小说,4
237,冰,4
238,美术与设计\个人原创\道具,4
239,轨迹,4
240,东方project,4
241,DIY,4
242,伊斯坦布尔,4
243,游戏引擎,4
244,四海兄弟,4
245,Cybertext,4
246,CPU,4
247,Dreamcast,4
248,武侠,4
249,星球大战 旧共和国武士,4
250,异度神剑,4
251,异度神剑 终极版,4
252,图形设计,4
253,八佰,4
254,单兵装备,4
255,漫画推荐,4
256,怪物猎人 世界：冰原,4
257,科幻小说,4
258,VTuber,4
259,骑马与砍杀,4
260,壮族,4
261,办公室自救指南,4
262,puzzle,4
263,SCP故事,3
264,题材与风格\恐怖\新怪谈,3
265,版权,3
266,知识产权,3
267,第一哲学沉思录,3
268,讨论,3
269,人文社科\地域文化\苏联,3
270,IdeaBattle,3
271,守望先锋,3
272,都市传说,3
273,游戏王卡绘故事,3
274,VR,3
275,Xbox One,3
276,俄罗斯,3
277,BLEACH,3
278,西部,3
279,GBA,3
280,任天堂,3
281,香草社,3
282,别对映像研出手！,3
283,写作,3
284,桌面游戏,3
285,猎魔人,3
286,蒸汽波,3
287,美术与设计\分析与见解\建筑,3
288,美术与设计\分析与见解\人物,3
289,可口可乐,3
290,爱在圣诞毁灭前,3
291, 动画,3
292,吃豆人,3
293,合金弹头,3
294,曼达洛人,3
295,零号机组,3
296,Gfest,3
297,星际争霸,3
298,神奇女侠1984,3
299,黑帮,3
300,F1赛车,3
301,插画,3
302,军服,3
303,四十二导购,3
304,耻辱,3
305,连载,3
306,超时空要塞,3
307,维京,3
308,冷战,3
309,生物,3
310,云游戏,3
311,开放世界,3
312,机械神教,3
313,育碧,3
314,纸模,3
315,集异璧,3
316,佛教,3
317,涂鸦,3
318,医学,3
319,街机,3
320,龙背上的骑兵,3
321,译介,3
322,猫,3
323,扭曲寓言,3
324,开箱,3
325,PS4,3
326,放浪冒险谭,3
327,西游记,3
328,奥特曼,3
329,创世纪,3
330,希腊,3
331,旅游,3
332,法国,3
333,荒野乱斗,3
334,安布罗斯・比尔斯,3
335,GDC,3
336,潮玩,3
337,中古战锤,3
338,reddit,3
339,足球,3
340, 翻译,3
341,摇滚,3
342,索尼,3
343,韩国,3
344,中元节,3
345,人文社科\地域文化\日本,3
346,数字摄影,3
347,展翅翱翔,3
348,红色警戒,3
349,动作游戏,3
350,星野源,3
351,北欧神话,3
352,电子音乐,3
353,奥斯曼帝国,3
354,人文社科\地域文化\其他,3
355,埃德加・爱伦・坡,3
356,数码宝贝 最后的进化,3
357,路与船,3
358,养花,3
359,同人,3
360,相声,3
361,美国,3
362,修容镇,3
363,狐光动画,3
364,动画短片,3
365,维京人,3
366,黑手党,3
367,教父,3
368,Intel,3
369,艺术,3
370,质量效应,3
371,模型,3
372,无线耳机,3
373,大炮之街,3
374,绘画,3
375,超级英雄,3
376,文学,3
377,故事与设定\分析与见解\叙事,3
378,谜题,3
379,制作与开发\关卡设计,3
380,制作与开发\本地化,3
381,霸界王,3
382,战车,3
383,说唱,3
384,街霸,3
385,建模,3
386,运动,3
387,觉醒：七重十字,3
388,最终幻想,3
389,虚拟主播,3
390,MTGA,3
391,SCP-CN,2
392,精神分析,2
393,存在主义,2
394,游戏哲学,2
395,办公室系列,2
396,zenimax,2
397,万圣节,2
398,守望先锋联赛,2
399,寿屋,2
400,黑道圣徒3,2
401,死印,2
402,UFC终极格斗4,2
403,Roguelike,2
404,花札,2
405,死神,2
406,犬夜叉,2
407,足球小将,2
408,日本沉没,2
409,恶魔城,2
410,《公主连接!Re:Dive》中文版,2
411,风俗,2
412,混沌元素,2
413,克苏鲁的神话厨房,2
414,新手教程,2
415,GGAC,2
416,火线夜之城,2
417,勇敢的哈克,2
418,其他创意领域\摄影,2
419,GameChops,2
420,Dj CUTMAN,2
421,合成器浪潮,2
422,Concept Art,2
423,CES 2020,2
424,情人节,2
425,血液机器,2
426,电影院,2
427,饥饿站台,2
428,迈克尔・杰克逊,2
429,原始折叠,2
430,super7,2
431,暗黑破坏神,2
432,机动警察,2
433,机核,2
434,钢铁侠,2
435,金刚川,2
436,EA,2
437,Wii U,2
438,编剧,2
439,迓,2
440,原钻,2
441,燃烧的女子肖像,2
442,synthwave,2
443,复古,2
444,盔甲,2
445,吉他,2
446,吉考斯工友运动会,2
447,漫展,2
448,御宅学,2
449,NEOGEO,2
450,末日,2
451,哆啦A梦,2
452,1917,2
453,奈亚拉托提普,2
454,斯巴达,2
455,圣殿骑士,2
456,鲨鱼,2
457,苹果,2
458,极品飞车,2
459,驯龙高手,2
460,黑客帝国,2
461,叙事,2
462,吸血鬼 避世血族,2
463,威尼斯,2
464,皮肤,2
465,虚无主义,2
466,恐怖小说,2
467,黄衣之王,2
468,罗伯特・钱伯斯,2
469,GEB,2
470,孤岛危机,2
471,孤岛危机 复刻版,2
472,盗版,2
473,电子竞技,2
474,科普,2
475,人类,2
476,古墓丽影,2
477,刀剑神域：彼岸游境,2
478,偶像大师灰姑娘女孩,2
479,taptap,2
480,酷派忍者,2
481,剑世界,2
482,手机帝国,2
483,李智慧生存游戏,2
484,哥斯拉,2
485,众筹游戏,2
486,画师,2
487,BALDR,2
488,租借女友,2
489,美少女万华镜,2
490,美少女万华镜5,2
491,蜘蛛侠,2
492,模拟经营,2
493, 音游,2
494,幻想大陆战记 卢纳基亚传说,2
495,顽皮狗,2
496,就tm爱听摇滚乐,2
497,吉他英雄,2
498,青春,2
499,电吉他,2
500,啪嗒砰,2
501,王国之心 记忆旋律,2
502,男神考,2
503,波斯,2
504,使命召唤,2
505,制作与开发\玩法设计,2
506,美术与设计\分析与见解\动画,2
507,技术,2
508,同人小说,2
509,伊苏,2
510,核聚变,2
511,核――推,2
512,蝙蝠侠,2
513,孩之宝,2
514,美国队长,2
515,万代,2
516,皮克斯工作室,2
517,迪士尼+,2
518,未解之谜,2
519,两句话恐怖故事,2
520,twosentencehorror,2
521,奥斯卡2020,2
522,机核APP,2
523,米泽穗信,2
524,文字AVG,2
525,猫和老鼠,2
526,Guns Akimbo,2
527,松下,2
528,游戏结束,2
529,露营,2
530,假面骑士空我,2
531,SFC,2
532,T-34,2
533,德军总部,2
534,游戏截图,2
535,拍照模式,2
536,JRPG,2
537,第二次世界大战,2
538,非正常武备,2
539,戏剧,2
540,斯普拉遁,2
541,角色扮演,2
542,塞尔维亚,2
543,NBA,2
544,彬的梦日记,2
545,忍者龙剑传,2
546,鬼灭之刃,2
547,半泽直树,2
548,JOJO的奇妙冒险,2
549,CG技术,2
550,城市猎人,2
551,恶魔人,2
552,图像小说,2
553,兽娘动物园,2
554,人文社科\地域文化\中国,2
555,塞勒姆,2
556,读书,2
557,扎古,2
558,Z高达,2
559,乐队,2
560,博尔赫斯,2
561,爱伦・坡,2
562,啤酒,2
563,精酿啤酒,2
564,游戏收藏,2
565,心跳回忆,2
566,逆转裁判,2
567,虚幻引擎5,2
568,制作与开发\引擎技术,2
569,纪录片,2
570,废土,2
571,游戏理论,2
572,游戏研究,2
573,古x任三郎,2
574,骑士,2
575,MMORPG,2
576,微软,2
577,SSD,2
578,手柄,2
579,世嘉土星,2
580,卡牌游戏,2
581,CRPG,2
582,AVG,2
583,菲利普・K・迪克,2
584,汉化,2
585,本地化,2
586,RTS,2
587,健康,2
588,麻枝准,2
589,高达模型,2
590,生化危机3,2
591,强袭魔女,2
592,手表,2
593,紫罗兰永恒花园,2
594,紫罗兰永恒花园外传：永远与自动书记人形,2
595,星之卡比,2
596, NES,2
597,神秘故事,2
598,剧情,2
599,脑机接口,2
600,波普艺术,2
601,装饰艺术,2
602,蒸汽朋克,2
603,我们与恶的距离,2
604,独立游戏ECHO,2
605,妖怪,2
606,火星,2
607,回到未来,2
608,日本沉没2020,2
609,RPG游戏,2
610,赛博朋克2020,2
611,赛博朋克 红,2
612,悬疑,2
613,外星人,2
614,博物馆,2
615,巫术,2
616,解谜游戏,2
617,女性向,2
618,Clock Zero,2
619,初音未来,2
620,文化 ,2
621,Google Stadia,2
622,视觉小说,2
623,迪斯科,2
624,战双帕弥什,2
625,战棋,2
626,Infinity,2
627,比海更深,2
628,同人游戏,2
629,射击游戏,2
630,决斗,2
631,排球少年,2
632,艺术性,2
633,格斗游戏,2
634,彩虹小马,2
635,萨满,2
636,圣地巡礼,2
637,日剧推荐,2
638,武士,2
639,神力科莎,2
640,刺客信条,2
641,语言学,2
642,逆模因,2
643,樱花大战,2
644,神经漫游者,2
645,vr设备,2
646,壁纸,2
647,剖开您是我的荣幸,2
648,恶魔之魂,2
649,随机性,2
650,怪形,2
651,剧本创作,2
652,盯鞋音乐,2
653,Shoegazing,2
654,最终幻想8,2
655,数独,2
656,日本电影,2
657,回合制,2
658,电台,2
659,希亚・拉博夫,2
660,游戏铁盒,2
661,特种部队,2
662,阴阳师,2
663,全球超自然联盟,1
664,玛娜慈善基金会,1
665,伯尔尼公约,1
666,CC协议,1
667,产业\发行与运营,1
668,尼采,1
669,Spark 图一乐,1
670,抖音,1
671,DARLING in the FRANXX,1
672,加速器,1
673,松活弹抖,1
674,闪电鞭,1
675,假面骑士 英雄寻忆,1
676,岛屿生存者,1
677,暴雪,1
678,女神装置,1
679,adv,1
680,坂口拓,1
681,狂武藏,1
682,纸片马力欧,1
683,宇宙机器人 搜救行动,1
684,Frame Arms,1
685,美少女战士,1
686,铁血战士,1
687,猫眼三姐妹,1
688,Pokémon HOME,1
689,WF,1
690,wf2020w,1
691,高达创战者,1
692,AK47,1
693,饮料,1
694,英雄萨姆,1
695,立川让,1
696,押切莲介,1
697,洛克人,1
698, GBA,1
699,超级机器人大战,1
700,裤袜,1
701,裤袜之日,1
702,BNA,1
703,魔神英雄传,1
704,神谷盛治,1
705,丧尸,1
706,少女与战车,1
707,童贞,1
708,童贞灭绝列岛,1
709,我的事说来话长,1
710,下辈子我再好好过,1
711,异种族风俗娘评鉴指南,1
712,书评,1
713,剧情和战役指南,1
714,世界创建指南,1
715,真人实境角色扮演游戏,1
716,LARP,1
717,龙蛋物语,1
718,科恩兄弟,1
719,波士顿动力,1
720,Boston Dynamics,1
721,TGA 2020,1
722,西蒙脏牧专场,1
723,黑相集 稀望镇,1
724,INDIE Live Expo,1
725,TGS 2020 ,1
726,PS VR,1
727,可变字体,1
728,Siegfried Hansen,1
729,Art Station,1
730,国行,1
731,腾讯,1
732,日本文具屋大赏,1
733,文具,1
734,Inktober,1
735,甲子园,1
736,Splatoon甲子园,1
737,重力,1
738,未来实验室,1
739,查令十字街84号,1
740,脑锻炼NS,1
741,拉密数字牌,1
742,时尚,1
743,EVO Japan 2020,1
744,evo,1
745,苍翼默示录,1
746,CGI,1
747,银屏系漫游指南,1
748,皮克曼的模特,1
749,DAU,1
750,短片,1
751,年度照片,1
752,OPPO,1
753,Oppo Ace 2,1
754,EVA联动,1
755,一加8 Pro,1
756,精英手柄,1
757,Xbox Elite Wireless Controller,1
758,avicii,1
759,P1S,1
760,合金弹头3,1
761,第五人格,1
762,盖塔,1
763,煤厂黑狗,1
764,damtoys,1
765,ashleywood,1
766,underverse,1
767,MVM,1
768,soapstudio,1
769,都在酒里,1
770,摩登天空,1
771,御模道,1
772,异兽魔都,1
773,万代南梦宫,1
774,pingu,1
775,初号机,1
776,Nintendo Switch Lite,1
777,虎胆龙威,1
778,誓血五人组,1
779,斯派克・李,1
780,机械战警,1
781,伦敦黑帮,1
782,singularity,1
783,暴力辛迪加,1
784,Local 58,1
785,鬼追人,1
786,唐・科斯卡雷利,1
787,丹・奥班农,1
788,隐形人,1
789,服装,1
790,考古,1
791,微软模拟飞行,1
792,罗杰・泽拉兹尼,1
793,Paperclips Universal,1
794,忍者杀手,1
795,虚拟偶像,1
796,巴比伦,1
797,效果器,1
798,Clive Deamer,1
799,爵士鼓,1
800,斯坦利・唐伍德,1
801,固有缺陷,1
802,游戏预告,1
803,Maginary,1
804,大欺诈师,1
805,汽水,1
806,波子汽水,1
807,粗点心战争,1
808,凉风,1
809,《死亡搁浅》艺术设定集,1
810,游戏结束：任天堂全球征服史,1
811,光环：典藏全书,1
812,星际争霸：动画影像艺术,1
813,头目战,1
814,暗黑破坏神：艾德莉亚之书,1
815,NEOGEO视觉史,1
816,漫长的万圣节,1
817,巴斯特・基顿,1
818,侠盗猎车手,1
819,破坏者,1
820,拆弹专家2,1
821,酒精计划,1
822,一秒钟,1
823,除暴,1
824,风平浪静,1
825,无法无天,1
826,异星灾变,1
827,沉默的真相,1
828,麦路人,1
829,长路简史,1
830,兄弟,1
831,俄罗斯电影,1
832,黄石,1
833,活死人黎明,1
834,囚徒,1
835,罗杰・迪金斯,1
836,最大的小小农场,1
837,黑钱胜地,1
838,零零零,1
839,基督圣体,1
840,国产电视剧,1
841,德古拉,1
842,鹿皮,1
843,蛮王柯南,1
844,拳皇,1
845,八神庵,1
846,太空堡垒,1
847,Airforce Delta,1
848,飞行员,1
849,雷德巴德,1
850,围城之日,1
851,钢铁猛兽Pro PE,1
852,钢铁猛兽,1
853,高墙边的混乱,1
854,模仿游戏,1
855,Jaws Unleashed,1
856,雷电行动,1
857,Nuon,1
858,诺基亚,1
859,N-Gage,1
860,Playdia,1
861,Loopy,1
862,Zeebo,1
863,极品飞车：无极限,1
864,养家之人,1
865,飞行模拟,1
866,骑士陨落,1
867,物种灭绝,1
868,题材与风格\奇幻,1
869,梦工厂,1
870,埃及王子,1
871,谍报小说,1
872,摩萨德,1
873, 游戏叙事,1
874,涌现式设计,1
875,算法,1
876,元宇宙,1
877,机器学习,1
878,巨大机器人,1
879,背景设定,1
880,西班牙,1
881,德国,1
882,彩虹六号、挖掘、探究,1
883,地海传奇,1
884,禅,1
885,阿尔杰农・布莱克伍德,1
886,亚瑟・梅琴,1
887,林・卡特,1
888,种族主义,1
889,人造意识,1
890,邓萨尼,1
891,科幻文学,1
892,亨利・库特纳,1
893,Gangbeasts,1
894,布娃娃物理,1
895,个人评测,1
896,三国志大战,1
897,霸三国志大战,1
898,世嘉,1
899,南梦宫,1
900,无主之地,1
901,女性玩家,1
902,圣诞特快,1
903,圣诞节,1
904,永恒光辉,1
905,最终幻想13,1
906,帕斯亚科技,1
907,Steam小游戏推荐,1
908,迷雾之夏,1
909,永进,1
910,未授权游戏,1
911,济科足球,1
912,妖精的尾巴,1
913,光荣,1
914,襟川惠子,1
915,亚马逊,1
916,应援团,1
917,生化危机逃出生天,1
918,Role Playing,1
919,轩辕剑柒,1
920,吉原,1
921,GAME OVER,1
922,太空侵略者,1
923,猫娘,1
924,新宿,1
925,有趣广告,1
926,怒罗权,1
927,黑道,1
928,目黑将司,1
929,声优,1
930,炼金工房 ～黄昏之炼金术士三部曲～ DX,1
931,三国志汉末霸业,1
932,病病神社建造中,1
933,迷失岛3,1
934,Silver Night's Crusaders,1
935,终结者 抵抗,1
936,70年代风格机器人动画游戏 杰比P-X,1
937,魔法门,1
938,魔法门6： 天堂之令,1
939,疯狂猎杀者 金属力量,1
940,16-BIT,1
941,游戏制作,1
942,它来自沙漠,1
943,米克・戈登,1
944,双截龙,1
945,龙之天堂,1
946,极度恐慌,1
947,塔罗牌,1
948,璀璨宝石,1
949,十字军：祢的旨意,1
950,电波同步,1
951,污痕圣杯：阿瓦隆的陨落,1
952,黑故事,1
953,灵笼,1
954,名侦大赛,1
955,文艺复兴,1
956,埃及人：流沙,1
957,弹丸甜心,1
958,追猎求生,1
959,卡坦岛,1
960,童话森林,1
961,圣符国度,1
962,镰刀战争,1
963,太空回响,1
964,小小史诗：星系,1
965,妙笔神猜,1
966,魔戒：中洲征途,1
967,实体书,1
968,博物世界 美术馆,1
969,夜幕降临,1
970,CliniC主题诊所,1
971,方尖碑,1
972,凯吕斯1303,1
973,时间守望,1
974,走开，大坏蛋！,1
975,众筹,1
976,探险者日志,1
977,掌控的历史,1
978,塔防,1
979,皇家守卫军,1
980,穿越拆弹,1
981,名律对决,1
982,古早桌游,1
983,南极大作战,1
984,魔力灯笼,1
985,国际象棋,1
986,大搜查！,1
987,奥法之战,1
988,最后的欧若拉,1
989,桌游设计指南,1
990,黑猫侦探,1
991,Linkit,1
992,强国争坝,1
993,松鼠取坚果,1
994,矮人总动员,1
995,无可挑剔的恋爱喜剧,1
996,青涩宝贝,1
997,约会大作战,1
998,Hiten,1
999,魔法少女奈叶,1
1000,藤真拓哉,1
1001,@日梯子,1
1002,我让最想被拥抱的男人给威胁了,1
1003,刀剑神域,1
1004,川原砾,1
1005,abec,1
1006,在地下城寻求邂逅是否搞错了什么,1
1007,大森藤野：,1
1008,大坪由佳,1
1009,片冈智,1
1010,弹丸论破,1
1011,森见登美彦,1
1012,企鹅公路,1
1013,美树本晴彦,1
1014,门胁舞以,1
1015,Twinkle,1
1016,春风刹那,1
1017,八宝淙,1
1018,大张正己,1
1019,超级机器人,1
1020,海原望,1
1021,漆黑的子弹,1
1022,白仓伸一郎,1
1023,加速世界,1
1024,失忆症：重生,1
1025,龙珠,1
1026,开罗游戏,1
1027,恋爱,1
1028,vr音乐游戏,1
1029,魔兽故事,1
1030,皮雕,1
1031,电影剧本,1
1032,其他创意领域\Cosplay,1
1033,全景,1
1034,仿生人,1
1035,3dcg,1
1036,魔法气泡 特趣思 俄罗斯方块2,1
1037,俄罗斯方块,1
1038,噗哟噗哟,1
1039,舞力全开,1
1040,风来的西林 5 Plus,1
1041,特鲁尼克大冒险,1
1042,宝可梦救助队,1
1043,世界树迷宫,1
1044,精灵宝可梦 进化,1
1045,GBM,1
1046,哈回顾,1
1047,任天堂直面会,1
1048,曲途,1
1049,大佬竞速,1
1050,竞速,1
1051,山脊赛车,1
1052,OutRun,1
1053,梦游美国,1
1054,电车go,1
1055,电车Go！Final,1
1056,战斗蛙,1
1057,IronMaiden,1
1058,No Straight Road,1
1059,GUILT: The Deathless ,1
1060,异型黑胶,1
1061,吉他英雄live,1
1062,Clone hero,1
1063,Frets on Fire,1
1064,Hunt Down,1
1065,暴徒猎手,1
1066,强风吹拂,1
1067,跑步,1
1068,Cytus II,1
1069,gnod,1
1070,罗德岛战记,1
1071,高达百景,1
1072,PlayStation 2,1
1073,麻将,1
1074,克劳德,1
1075,太空频道5,1
1076,太空频道5 VR 新星舞蹈秀,1
1077,冬季恋歌,1
1078,喜剧明星,1
1079,京味电影,1
1080,重金属摇滚双面人,1
1081,无限回廊,1
1082,乐可乐可,1
1083,勇者别嚣张,1
1084,重金属摇滚双面城,1
1085,DualShock 4 Back Button Attachment,1
1086,PS4 背侧板,1
1087,DualShock 4,1
1088,忍者宝盒,1
1089,无双大蛇3 终极版,1
1090,三y富F朗,1
1091,泡泡龙,1
1092,魔装机神,1
1093,钢铁雄心4,1
1094,抢滩登陆,1
1095,理查德・加里奥特,1
1096,澄海3C,1
1097,远程教育系统,1
1098,柏拉图系统,1
1099,古希腊神话,1
1100,神话之城,1
1101,印度神话,1
1102,古罗马,1
1103,奥兰多,1
1104,非洲,1
1105,暗夜呢喃,1
1106,印加神话,1
1107,印加文明,1
1108,斯里兰卡,1
1109,游戏剧情,1
1110,末弘秀孝,1
1111,电竞,1
1112,故事与设定\个人原创\世界观设计,1
1113,外挂,1
1114,supercell,1
1115,Brawl Stars,1
1116,光线追踪,1
1117,NVIDIA RTX,1
1118,英伟达,1
1119,游戏叙事,1
1120,白色相簿2,1
1121,VG百科,1
1122,围棋,1
1123,街头霸王,1
1124,罐头,1
1125,战争机器,1
1126,伊苏 起源,1
1127,金基德,1
1128,女性,1
1129,斩魔大圣,1
1130,木乃伊,1
1131,魔女之家,1
1132,艾莲日记,1
1133,哈斯塔,1
1134,小短文,1
1135,GDC 2020,1
1136,蝙蝠侠黑暗骑士,1
1137,figma,1
1138,圆谷,1
1139,ACRO,1
1140,GSC,1
1141,ThreeA,1
1142,SHF,1
1143,金刚狼,1
1144,迪士尼影业,1
1145,卢卡斯影业,1
1146,迪士尼动画工作室,1
1147,迪士尼投资者日2020,1
1148,查尔斯・C・摩根,1
1149,唐・德弗洛,1
1150,Michal Dziekan,1
1151,Spomenik,1
1152,最后与最初的人类,1
1153,Jóhann Jóhannsson,1
1154,DC FanDome,1
1155,华纳兄弟影业,1
1156,蝙蝠侠（2021）,1
1157,美国忍者勇士,1
1158,极限体能王,1
1159,城市之间,1
1160,Buzzfeed Unsolved,1
1161,LEMMiNO,1
1162,X调查,1
1163,日谈物语,1
1164,SB Nation,1
1165,音乐音效\分析与见解,1
1166,芬达,1
1167,Vinheteiro,1
1168,L'Inconnue de la Seine,1
1169,塞纳河畔的未名少女,1
1170,罗杰・狄金斯,1
1171,The Hollywood Reporter,1
1172,Barbie,1
1173,芭比娃娃,1
1174,旋涡,1
1175,大卫林奇,1
1176,核市奇谭,1
1177,野良犬,1
1178,寻枪,1
1179,阅读,1
1180,黑色电影,1
1181,巫师,1
1182,漫长的告别,1
1183,故宫,1
1184,解谜,1
1185,密室逃脱,1
1186,垃圾游戏,1
1187,足球教练,1
1188,灌篮高手,1
1189,比尔和泰德寻歌记,1
1190,犬神家族,1
1191,金田一耕助,1
1192,市川昆,1
1193,横沟正史,1
1194,古文,1
1195,同性恋,1
1196,雷神3,1
1197,齐柏林飞艇,1
1198,滚石乐队,1
1199,游戏视角,1
1200,美国动画,1
1201,鸟人战队,1
1202,地球超人,1
1203,正义战士,1
1204,镜之孤城,1
1205,007：无暇赴死,1
1206,辣手保姆,1
1207,准备好了没,1
1208,萨玛拉・维文,1
1209,综艺节目,1
1210,Qさま,1
1211,推理游戏,1
1212,影音设备,1
1213,音响,1
1214,JPOP,1
1215,岚,1
1216,松本润,1
1217,血汗与像素,1
1218,Xbox live,1
1219,PSN,1
1220,古装剧,1
1221,失败的本质,1
1222,户外,1
1223,迟早更新,1
1224,播客,1
1225,无状态,1
1226,山间游乐场,1
1227,Same Paper,1
1228,播棋,1
1229,爱迪奥特曼,1
1230,仲夏夜,1
1231,猎杀T34,1
1232,罗伯特・帕丁森,1
1233,动画,1
1234,听我的电波吧,1
1235,强迫症,1
1236,空中秋千,1
1237,The Pathless,1
1238,海商王4,1
1239,枪火重生,1
1240,迷雾征程,1
1241,赛道狂飙,1
1242,兵棋,1
1243,火力站,1
1244,金刚,1
1245,金刚：骷髅岛,1
1246,异形 契约,1
1247,普罗米修斯,1
1248,世纪争霸战,1
1249,装机,1
1250,攒机,1
1251,三国志10,1
1252,寒境迷城,1
1253,龙之眼,1
1254,埃蒙,1
1255,地牢任务： 阿帕莎神庙,1
1256,银翼杀手,1
1257,闪之轨迹,1
1258,英雄传说,1
1259,那由多之轨迹,1
1260,轰炸机,1
1261,空军,1
1262,风帆战舰,1
1263,霍恩布洛尔,1
1264,奥布雷与马图林,1
1265,手V治虫,1
1266,冈田斗司夫,1
1267,日本动画,1
1268,红猪,1
1269,太平洋战争,1
1270,飞行,1
1271,航空,1
1272,航空母舰,1
1273,计算机,1
1274,信息技术,1
1275,程序,1
1276,动力外骨骼,1
1277,动力装甲,1
1278,三岛由纪夫,1
1279,芬兰,1
1280,深海6500,1
1281,潜水艇,1
1282,通灵学院,1
1283,林俊杰,1
1284,调香师日记,1
1285,JCE,1
1286,爱马仕,1
1287,鬼头刀,1
1288,狐利,1
1289,范・米格伦,1
1290,鱼什么都知道,1
1291,深世海,1
1292,卡普空,1
1293,保罗乔治,1
1294,洛克人Zero,1
1295,地狱,1
1296,丹布朗,1
1297,疾控中心,1
1298,CDC,1
1299,NBA Live,1
1300,科比・布莱恩特,1
1301,中国神话系列,1
1302,鬼泣,1
1303,太鼓达人 咚咔！二合一大冒险,1
1304,吉卜力,1
1305,多久润一郎,1
1306,世博会,1
1307,广告,1
1308,Death Come True,1
1309,小高和刚,1
1310,mD研,1
1311,志村健,1
1312,便利店,1
1313,睡美人,1
1314,马力欧银河,1
1315,角色动画,1
1316,金属乐,1
1317,Sabaton,1
1318,科学,1
1319,恶魔人Devilman,1
1320,巨人战争,1
1321,生化奇兵,1
1322,沉浸式模拟,1
1323,洛基,1
1324,希捷,1
1325,华氏451,1
1326,暗黑破坏神：艺术设定集,1
1327,詹姆斯・卡梅隆的科幻故事,1
1328,我想结束这一切,1
1329,风之谷,1
1330,东方鬼形兽,1
1331,zun,1
1332,MEGALOBOX,1
1333,木板绘画,1
1334,海绵宝宝,1
1335,童话,1
1336,另一个伊甸 超越时空的猫,1
1337,数码宝贝大冒险:,1
1338,纸人2,1
1339,女巫,1
1340,读书笔记,1
1341,水形物语,1
1342,安卡：埃及诸神,1
1343,角色塑造,1
1344,直升机,1
1345,未来作战系统,1
1346,吉姆,1
1347,Tom Waits,1
1348,末代皇帝,1
1349,中岛美雪,1
1350,Kraftwerk,1
1351,朋克,1
1352,雷蒙斯乐队,1
1353,即兴精酿,1
1354,嘻哈,1
1355,大提琴,1
1356,电音,1
1357,Random Access Memories,1
1358,Miles Davis,1
1359,马文・盖伊,1
1360,月之暗面,1
1361,平克・弗洛伊德,1
1362,动视,1
1363,君士坦丁堡,1
1364,密码学,1
1365,历史巨轮,1
1366,logo,1
1367,神游,1
1368,爱相随,1
1369,大逆转裁判,1
1370,国产galgame,1
1371,无尽杀戮,1
1372,无尽黑暗2,1
1373,小小魔兽世界,1
1374,好莱坞,1
1375,特摄片,1
1376,Kona Ninja,1
1377,花开中国,1
1378,花木兰,1
1379,久保带人,1
1380,激战2,1
1381,齐泽克,1
1382,文化研究,1
1383,纪念碑谷,1
1384,婚礼,1
1385,灾难片,1
1386,犯罪,1
1387,绝歌,1
1388,绝路美食,1
1389,开发者,1
1390,墨西哥,1
1391,国产游戏,1
1392,灾难,1
1393,望月峰太郎,1
1394,美术与设计\个人原创\动画,1
1395,古希腊,1
1396,雕塑家,1
1397,后浪,1
1398,三浦按针,1
1399,艺术史,1
1400,现代艺术史,1
1401,亚瑟王,1
1402,最伟大的骑士,1
1403,台湾,1
1404,十字军,1
1405,战国,1
1406,维京人的世界,1
1407,万景图,1
1408,蓝莓上尉,1
1409,恩基・比拉,1
1410,MONDO电影海报艺术典藏,1
1411,柏林苍穹下,1
1412,马克-安托万・马修,1
1413,云游,1
1414,诺贝尔文学奖,1
1415,角色设计,1
1416,埃舍尔,1
1417,诺兰,1
1418,盗梦空间,1
1419,星际穿越,1
1420,弗兰肯斯坦,1
1421,太空堡垒卡拉狄加,1
1422, 文字冒险,1
1423,地中海,1
1424,地中海霸权,1
1425,神秘博士,1
1426,你一生的故事,1
1427,环形使者,1
1428,费奥多尔・陀思妥耶夫斯基,1
1429,罪与罚,1
1430,看不见的城市,1
1431,iOS,1
1432,iphone,1
1433,现象学,1
1434,沙丘研究所,1
1435,地图,1
1436,制地图,1
1437,特德姜,1
1438,构成主义,1
1439,景观,1
1440,Apple,1
1441,Mac,1
1442,固态硬盘,1
1443,装机.攒机,1
1444,暗黑破坏神2,1
1445,第九艺术,1
1446,十佳游戏,1
1447,2010年代,1
1448,有仙气：三界诸仙图典,1
1449,有英气：兵器传说图典,1
1450,够神的,1
1451,松野泰己,1
1452,最终幻想12,1
1453,中华学习机,1
1454,电脑,1
1455,PC-98,1
1456,PSX,1
1457,PS3手柄,1
1458,笔记本电脑,1
1459,黑武士III,1
1460,NGC,1
1461,Xbox 360,1
1462,内存,1
1463,PS One,1
1464,SUP复古游戏机,1
1465,心理,1
1466,冒险公社,1
1467,爱情,1
1468,恐怖漫画,1
1469,三国志11,1
1470,古龙,1
1471,孔雀翎,1
1472,游戏策划,1
1473,游戏行业,1
1474,实习,1
1475,零,1
1476,寂静岭,1
1477,调音师,1
1478,剧情游戏,1
1479,对话,1
1480,硬核,1
1481,交互式电影,1
1482,互动电影游戏,1
1483,游戏评测,1
1484,排行榜,1
1485,安卓系统,1
1486,一加8T,1
1487,安德烈・塔科夫斯基,1
1488,短篇,1
1489,村上春树,1
1490,高考,1
1491,即时战略,1
1492,即时战略游戏,1
1493,丰田,1
1494,ZR-1,1
1495,Corvette,1
1496,探案法：侦探大赛,1
1497,Still There,1
1498,互动解谜游戏书,1
1499,三国创杰传,1
1500,涂装,1
1501,尼尔,1
1502,美术与设计\个人原创\平面设计,1
1503,Frost Giant Studio,1
1504,钢铁雄心,1
1505,慢性疼痛,1
1506,健康游戏,1
1507,G4H,1
1508,生化危机 外传,1
1509,PCE mini,1
1510,弹幕,1
1511,魔女之旅,1
1512,咒术回战,1
1513,KEY社,1
1514,高桥留美子,1
1515,半妖的夜叉姬,1
1516,新闻,1
1517,火线,1
1518,Yellow Magic Orchestra,1
1519,女王的教室,1
1520,天体战士,1
1521,奥丁领域,1
1522,公主的皇冠,1
1523,瓢虫之年,1
1524,ストライクウィッチ`ズ,1
1525,阿尔卑斯的魔法少女,1
1526,警察,1
1527,高驰,1
1528,迪奥,1
1529,香奈儿,1
1530,lv,1
1531,军品,1
1532,菲利普船长,1
1533,核聚变2019,1
1534, 同人故事,1
1535,电动车,1
1536,鸟类,1
1537,赌博默示录,1
1538,文明,1
1539,游记,1
1540,自卫队,1
1541,GUNPLA,1
1542,走路的人,1
1543,蝉世代,1
1544,战国摇篮曲,1
1545,一窝麻雀,1
1546,秋山春,1
1547,一色真人,1
1548,战斗吧！漫画・俄罗斯音乐物语,1
1549,大友克洋,1
1550,SHORT PEACE,1
1551,少年少女,1
1552,星屑与妮娜,1
1553,福岛聪,1
1554,石黑正数,1
1555,睡觉的笨蛋,1
1556,涅克洛蒙达,1
1557,cytus,1
1558,Niche-遗传学生存游戏,1
1559,铁道,1
1560,JR,1
1561,马力欧卡丁车,1
1562,超级马力欧3D大陆,1
1563,黑色行动,1
1564,SFC游戏,1
1565,星之卡比3,1
1566, Famicom,1
1567,Retro,1
1568,the guardian legend,1
1569,V-SHOW,1
1570,上林晓,1
1571,坂口安吾,1
1572,古谷实,1
1573,咸味人生,1
1574,昏暗的青春,1
1575,太宰治,1
1576,水仙,1
1577,葛西善藏,1
1578,奇病患者,1
1579,Lackadaisy,1
1580,上古卷轴,1
1581,PREQUEL,1
1582,3DS,1
1583,蝙蝠侠：披风斗士的命运,1
1584,射雕英雄传,1
1585,金属之光,1
1586,Philosoma,1
1587,星战雄鹰,1
1588,他们已不再变老,1
1589,灰猎犬号,1
1590,白色严冬,1
1591,万能青年旅店,1
1592,风骚律师,1
1593,美剧,1
1594,老炮儿,1
1595,圣殿春秋,1
1596,顽主,1
1597,路人女主的养成方法,1
1598,金庸,1
1599,塞巴斯蒂亚诺・赛利奥,1
1600,维特鲁威,1
1601,外骨骼,1
1602,像素游戏,1
1603,Momentum True Wireless 2,1
1604,Surface Earbuds,1
1605,工业革命,1
1606,包豪斯主义,1
1607,数码兽,1
1608,不朽浩克,1
1609,银河护卫队,1
1610,大事件,1
1611,雷神,1
1612,屠杀,1
1613,香水瓶,1
1614,混剪,1
1615,土味,1
1616,恐龙,1
1617,诡秘之主,1
1618,中原芽衣子,1
1619,The Weeknd,1
1620,vaporwave,1
1621,水木茂,1
1622,鸟山石燕,1
1623,鬼怪文化,1
1624,拼图,1
1625,体育游戏,1
1626,S・克雷格・扎勒,1
1627,纹身,1
1628,烂仔帮,1
1629,托尼・希纳,1
1630,黑色五叶草,1
1631,睡梦医生,1
1632,数说机核,1
1633,静态网站,1
1634,VSCode,1
1635,架空小说,1
1636,steam免费游戏,1
1637,网内人,1
1638,基耶斯洛夫斯基,1
1639,两生花,1
1640,Onward,1
1641,想哭的我戴上了猫的面具,1
1642,三体,1
1643,黑镜,1
1644,儿童节,1
1645,童年,1
1646,星云奖,1
1647,达斯维达,1
1648,叶永烈,1
1649,科幻MOOK,1
1650,草S素子,1
1651,异度侵入,1
1652,尤里・加加林,1
1653,诗歌,1
1654,短篇小说,1
1655,2019年度科幻产业观察峰会,1
1656,糟糕写作指南,1
1657,灵族,1
1658,钛星人,1
1659,萨弗迪兄弟,1
1660,现代性,1
1661,父亲,1
1662,黑豹,1
1663,人类向何处去,1
1664,工人放置 ,1
1665,魔幻传奇,1
1666,印象派,1
1667,索尔・勒维特,1
1668,赛・托姆布雷,1
1669,抽象主义,1
1670,马克・莱基,1
1671, 日本,1
1672,奈良美智,1
1673,装置艺术,1
1674,步行模拟,1
1675,Routine Feat,1
1676,Data Mutations,1
1677,埃德・阿特金斯,1
1678,唱片,1
1679,超人 明日之子,1
1680,华纳,1
1681,X档案,1
1682,蓝皮书计划,1
1683,ufo,1
1684,灵异,1
1685,女权,1
1686,女性主角,1
1687,海星,1
1688,超时空接触,1
1689,道教,1
1690,至暗时刻,1
1691,彗星来的那一夜,1
1692,云图,1
1693,宇宙追缉令,1
1694,危机边缘,1
1695,魔宙,1
1696,天才捕手FM,1
1697,塞尔达传说 缩小帽,1
1698,北京国际电影节,1
1699,白色相簿,1
1700,Collar×Malice,1
1701,月影之锁,1
1702,我的现实生活太过于充实,1
1703,樱哉,1
1704,Charade Maniacs,1
1705,Armen Noir,1
1706,失忆症,1
1707,蝶毒,1
1708,甜小丑,1
1709,海市蜃楼之馆,1
1710,花之女王,1
1711,CM,1
1712,托尼霍克滑板,1
1713,NUMBER GIRL,1
1714,邦摇,1
1715,寒蝉鸣泣之时,1
1716,狙击电话亭,1
1717,和田永,1
1718,chiptune,1
1719,Caramelldansen,1
1720,怒首领蜂,1
1721,Steam,1
1722,虫姬,1
1723,死亡微笑,1
1724,卡西欧手表,1
1725,玩完之后我想说,1
1726,泰迪熊,1
1727,KAWS,1
1728,村上隆,1
1729,日语,1
1730,Gal Game,1
1731,游戏画面,1
1732,拉斯卡尔,1
1733,符文之地传奇,1
1734,卡牌,1
1735,题材与风格\后启示录,1
1736,根付,1
1737,手办,1
1738,暴力熊,1
1739,赤红之街,1
1740,SD高达,1
1741,高达创潜者：再起,1
1742,超时空要塞F,1
1743,java,1
1744,gameshell,1
1745,DEOT,1
1746,ChinaJoy,1
1747,淘气小女巫,1
1748,Steven Universe,1
1749,龙王子,1
1750,百合,1
1751,恨之切爱之深,1
1752,三色绘恋S,1
1753,战棋游戏,1
1754,棕榈泉,1
1755,火焰纹章if,1
1756,命运石之门,1
1757,MMA,1
1758,UFC,1
1759,UFC 4,1
1760,火之战车,1
1761,地图设计,1
1762,打击感,1
1763,空箱,1
1764,MOD,1
1765,麦克・米格诺拉,1
1766,韦恩・雷诺兹,1
1767,门口的野蛮人,1
1768,汉密尔顿,1
1769,路边摊,1
1770,街头绝味,1
1771,暗之伴走者,1
1772,周刊少年JUMP,1
1773,JDM战国史,1
1774,头文字D,1
1775,贴纸,1
1776,机动战士高达UC,1
1777,口袋战线,1
1778,童谣,1
1779,当代艺术,1
1780,Techno,1
1781,麦当娜,1
1782,年轻的教宗,1
1783,Trip hop,1
1784,混沌武士,1
1785,Lo-fi Hip Hop,1
1786,Lo-fi音乐,1
1787,诗无尽头,1
1788,亚历桑德罗・佐杜洛夫斯基,1
1789,音乐游戏,1
1790,黑暗扫描仪,1
1791,小津安二郎,1
1792,秋刀鱼之味,1
1793,上海异人娼妓馆,1
1794,寺山修司,1
1795,驱魔人,1
1796,民俗,1
1797,德鲁伊,1
1798,魔戒,1
1799,美人鱼,1
1800,剑之轮舞曲,1
1801,西雅图,1
1802,悠长假期,1
1803,创作,1
1804,威廉・莫里斯,1
1805,电影手法,1
1806,剑戟片,1
1807,快手,1
1808,吃播,1
1809,PS商店,1
1810,崩坏3,1
1811,视频平台,1
1812,深海q蜮,1
1813,席德梅尔的文明,1
1814,尘埃拉力赛,1
1815,赛车计划2,1
1816,勒芒24小时赛,1
1817,老人战争,1
1818,黑暗精灵,1
1819,只过必要的生活,1
1820,看门狗,1
1821,河洛工作室,1
1822,武侠游戏,1
1823,星界军,1
1824,番剧,1
1825,Surface Book 3,1
1826,Surface,1
1827,游戏手机,1
1828,太空女英雄芭芭拉娜,1
1829,香港电影,1
1830,关卡设计,1
1831,gamejam中国,1
1832,CIGA,1
1833,火箭拳科技,1
1834,隐秘的角落,1
1835,远程协作,1
1836,彩蛋,1
1837,仙剑奇侠传,1
1838,A.I,1
1839,斯坦利・库布里克,1
1840,消费主义,1
1841,解构,1
1842,传奇,1
1843,懒残,1
1844,洛丽塔,1
1845,未麻的部屋,1
1846,眩晕,1
1847,巴比伦柏林,1
1848,日本妖怪,1
1849,游戏的人,1
1850,明基,1
1851,Ticwatch,1
1852,吹响吧上低音号,1
1853,荣誉勋章,1
1854,细胞分裂4,1
1855,弗兰肯斯坦在巴格达,1
1856,咆哮金属,1
1857,大地艺术,1
1858,印卡,1
1859,班克斯,1
1860,星之海洋5：忠诚与背叛,1
1861,漫漫长夜,1
1862,夜巡者,1
1863,我来自江湖,1
1864,For the people,1
1865,Magin: The Rat Project Stories,1
1866,Regiment,1
1867,北条司,1
1868,鱼,1
1869,哈尔的移动城堡,1
1870,星际之门,1
1871,生态箱,1
1872,深海异兽,1
1873,闪灵,1
1874,血碗橄榄球,1
1875,Hit Box,1
1876,模拟飞行,1
1877,图马思特,1
1878,基金会,1
1879,游戏评分,1
1880,游戏杂志,1
1881,CRPG编年史,1
1882,Dragon’s Eye,1
1883,Dungeons of Daggorath,1
1884,工作,1
1885,日本工作求职,1
1886,自走棋,1
1887,DOTA自走棋,1
1888,刀塔自走棋,1
1889,思想,1
1890,2ch,1
1891,街机厅,1
1892,ARPG,1
1893,昭和时代,1
1894,日本歌手,1
1895,中森明菜,1
1896,卡牌桌游,1
1897,NS摇杆,1
1898,GT赛车,1
1899,Unity引擎,1
1900,声音工程,1
1901,侍道3,1
1902,家园,1
1903,神灵战歌,1
1904,桂正和,1
1905,I''s,1
1906,伸展运动,1
1907,海战,1
1908,粉红色的火烈鸟,1
1909,邪典,1
1910,潜行者,1
1911,帕特・卡蒂根,1
1912,蔓生三部曲,1
1913,保罗・狄・菲利波,1
1914,零伯爵,1
1915,重启蒙娜丽莎,1
1916,水产,1
1917,三味线,1
1918,尺八,1
1919,人机交互,1
1920,回到未来2,1
1921,Oculus Quest,1
1922,UI,1
1923,鲁邦三世,1
1924,七夜,1
1925,志怪故事,1
1926,契诃夫,1
1927,恐怖片,1
1928,大卫・桑德伯格,1
1929,白箱,1
1930,侦探,1
1931,火车,1
1932,通往绞刑架的电梯,1
1933,光环：新斯巴达,1
1934,亚瑟王：斗兽争霸,1
1935,魂学,1
1936,法兰不死队,1
1937,龙背上的骑兵3,1
1938,亚文化,1
1939,概率,1
1940,制作与开发\数值,1
1941,汤姆森冲锋枪,1
1942,司法考试,1
1943,罗翔,1
1944,厚大法考,1
1945,装甲恶鬼村正,1
1946,骨头社,1
1947,狼雨,1
1948,二人转,1
1949,恋爱喜剧,1
1950,真心半解,1
1951,一战,1
1952,皇牌空战6,1
1953,皇牌空战零,1
1954,皇牌空战5,1
1955,小虎SDoIC,1
1956,小虎汉化,1
1957,阿基米德大战,1
1958,英格兰,1
1959,联机,1
1960,明日边缘,1
1961,特效化妆师大对决,1
1962,漫改电影,1
1963,罪恶之城,1
1964,战栗黑洞,1
1965,2001太空漫游,1
1966,科幻电影,1
1967,独立音乐,1
1968,落网,1
1969,古惑仔,1
1970,橙、半透明、二度眠,1
1971,不可解的我的一切,1
1972,无尽之剑,1
1973,了不起的麦瑟尔夫人,1
1974,数据,1
1975,罗小黑战记,1
1976,人类学,1
1977,建筑学,1
1978,其他创意领域\建筑学相关知识,1
1979,新怪谈,1
1980,八云小姐想要喂食,1
1981,Space Station 13,1
1982,多人在线,1
1983,狼人杀,1
1984,风扇,1
1985,运动损伤,1
1986,腰痛,1
1987,康复,1
1988,手机脖,1
1989,作弊,1
1990,游戏评论,1
1991,主题医院,1
1992,帝皇罗马,1
1993,模拟游戏,1
1994,游戏化,1
1995, Mod,1
1996,Modder,1
1997,华容道,1
1998,恶之华,1
1999,攻壳机动队：SAC_2045,1
2000,游戏从业,1
2001,坂道上的阿波罗,1
2002,植物大战僵尸,1
2003, 手机游戏,1
2004,骰子,1
2005,策略,1
2006,社会,1
2007,潜意识,1
2008,扑克,1
2009,工业设计,1
2010,潜龙谍影,1
2011,游戏生活,1
2012,荒野大镖客 Online,1
2013,游戏维基,1
2014,游戏攻略,1
2015,德尔塔计划,1
2016,法律,1
2017,古剑奇谭,1
2018,剑网3,1
2019,逆水寒,1
2020,寂静岭2,1
2021,恶童,1
2022,南山的部长们,1
2023,经济学,1
2024,公共关系,1
2025,战斗妖精雪风,1
2026,人间的条件,1
2027,死亡骑士,1
2028,魔兽RPG,1
2029,夏娃的时间,1
2030,麦当劳,1
2031,汉堡,1
2032,表情包,1
2033,航天航空,1
2034,太空,1
2035,宇宙,1
2036,乌托邦,1
2037,反乌托邦,1
2038,米歇尔・凡尔纳,1
2039,交通,1
2040,安卡：一统天下,1
2041,龙脉激斗,1
2042,巴霍巴利王,1
2043,光明王,1
2044,印度,1
2045,传送门,1
2046,电子舞曲,1
2047,盟军敢死队,1
2048,进击的巨人,1
2049,极恶非道,1
2050,成就,1
2051,奖杯,1
2052,女神异闻录,1
2053,踏切时间,1
2054,maimai,1
2055,舞萌,1
2056,四叠半神话大系,1
2057,箱庭游戏,1
2058,开放世界游戏,1
2059,沙盒游戏,1
2060,Riot Games,1
2061,拿破仑,1
2062,铁臂阿童木,1
2063,偶像大师,1
2064,PADI,1
2065,潜水,1
2066,开物天工,1
2067,龙胆紫,1
2068,布雷特?安德森,1
2069,Suede,1
2070,漆黑清晨,1
2071,至味在人间,1
2072,阿森纳,1
2073,日本料理,1
2074,万智牌竞技场,1
2075,阿拉伯的劳伦斯,1
2076,NDS,1
2077,回忆,1
2078,网络文化,1
2079,Y：男性阙如,1
2080,神话任务：群鸦盛宴,1
2081,ICE PAPER,1
2082,模拟人生,1
2083,模拟人生：上流社会,1
2084,游戏汉化,1
2085,数学,1
2086,兰切斯特定律,1
2087,线列步兵,1
2088,北濑佳范,1
2089,约翰・卡朋特,1
2090,女装,1
2091,The Lighthouse Painting,1
2092,Year Walk: Bedtime Stories for Awful Children,1
2093,The Sensational December Machine,1
2094,IGF,1
2095,欢迎加入NHK,1
2096,假面骑士Amazon,1
2097,第一律法,1
2098,冷宴,1
2099,只有吉祥寺是想住的街道吗？,1
2100,我独自升级,1
2101,永田卡比,1
2102,野狼DISCO,1
2103,咖啡,1
2104,星巴克,1
2105,实体游戏,1
2106,日本一,1
2107,AKB48,1
2108,OSU,1
2109,FPS游戏,1
2110,迷彩服,1
2111,逻辑,1
2112,战舰,1
2113,怪物弹珠,1
2114,辞世诗,1
2115,寄生前夜,1
2116,史克威尔,1
2117,异度装甲,1
2118,Japan Studio,1
2119,大众高尔夫,1
2120,三位一体,1
2121,古老游戏,1
2122,病毒,1
2123,热点,1
2124,Xbox Game Pass,1
2125,初音未来歌姬计划 MEGA39's,1
2126,坦克机械师模拟,1
2127,摔角,1
2128,生存战争,1
2129,恐怖电影,1
2130,欧洲十日游,1
2131,王国制图师,1
2132,桌游模拟器,1
2133,投票,1
2134,斯金纳心理学,1
2135,美军,1
2136,超级碗,1
2137,物理,1
2138,人类进化,1
2139,西部世界,1
2140,自动钢琴,1
2141,奥斯卡,1
2142,远程办公,1
2143,棒球,1
2144,城市,1
2145,动作电影,1
2146,2020GGJ,1
2147,伯罗奔尼撒战争,1
2148,音MAD,1
2149,东京大饭店,1
2150,马里奥,1
2151,马里奥银河,1
2152,拼豆,1
2153,日常,1
2154,坦克大战,1
2155, FC,1
2156,技术奇点,1
2157,机器中的达尔文,1
2158,模拟、意识、存在,1
2159,汉斯默拉维奇,1
2160,人中之龙,1
2161,幻影异闻录,1
2162,流浪地球,1
2163,黑暗骑士,1
2164,芝加哥,1
2165,人咬狗,1
2166,新弹丸论破V3,1
2167,CG动画,1
2168,东京,1
2169,Surface Pro X,1
2170,数据统计,1
2171,安伯托?艾柯,1
2172,悬疑小说,1
2173,橘子不是橘色的,1
2174,机核电台,1
2175,在这世界的（还有更多的）角落,1
2176,魔术师奥芬的无赖之旅,1
2177,魔术士奥芬,1
2178,星合之空,1
2179,自制,1
